Workbook

Sheet Dashboard
B2: LIFE SYSTEM
B5: TOTAL MONEY | E5: HABIT SCORE | H5: DAYS COMPLETED
B6: =IF(ISNUMBER(Finances!E4),TEXT(Finances!E4,"#,##0.00"),"—") -> 10,000.00 | E6: =IFERROR(COUNTIF(Habits!D5:J52,"✔"),"✖") -> 31 | H6: {=IFERROR(SUMPRODUCT((MMULT((Habits!C3:I52="✔")*1,{1;1;1;1;1;1;1})>0)*1)&" habits tracked","—")} -> 5 habits tracked
B7: From Finances sheet | E7: ✔ this week | H7: Habits with at least 1 check
B10: RANK | C10: TOP GOOD HABITS ✔ | E10: RANK | F10: TOP BAD HABITS ✖
B11: 1 | C11: {=IFERROR(INDEX(Habits!$B$5:$B$52,MATCH(1,IF(Habits!$C$5:$C$52="Good",IF(COUNTIF($A$10:A10,Habits!$B$5:$B$52)=0,IF(Habits!$K$5:$K$52=LARGE(IF(Habits!$C$5:$C$52="Good",Habits!$K$5:$K$52),1),1,0))),0)),"—")} -> Read 30 Minutes | E11: 1 | F11: {=IFERROR(INDEX(Habits!$B$5:$B$52,MATCH(1,IF(Habits!$C$5:$C$52="Bad",IF(COUNTIF($F$10:F10,Habits!$B$5:$B$52)=0,IF(Habits!$K$5:$K$52=LARGE(IF(Habits!$C$5:$C$52="Bad",Habits!$K$5:$K$52),1),1,0))),0)),"—")} -> Procrastinated
B12: 2 | C12: {=IFERROR(INDEX(Habits!$B$5:$B$52,MATCH(1,IF(Habits!$C$5:$C$52="Good",IF(COUNTIF($C$11:C11,Habits!$B$5:$B$52)=0,IF(Habits!$K$5:$K$52>=LARGE(IF(Habits!$C$5:$C$52="Good",Habits!$K$5:$K$52),2),1,0))),0)),"—")} -> Hydrate | E12: 2 | F12: {=IFERROR(INDEX(Habits!$B$5:$B$52,MATCH(1,IF(Habits!$C$5:$C$52="Bad",IF(COUNTIF($F$11:F11,Habits!$B$5:$B$52)=0,IF(Habits!$K$5:$K$52>=LARGE(IF(Habits!$C$5:$C$52="Bad",Habits!$K$5:$K$52),2),1,0))),0)),"—")} -> Social Media Scroll
B13: 3 | C13: {=IFERROR(INDEX(Habits!$B$5:$B$52,MATCH(1,IF(Habits!$C$5:$C$52="Good",IF(COUNTIF($C$11:C12,Habits!$B$5:$B$52)=0,IF(Habits!$K$5:$K$52>=LARGE(IF(Habits!$C$5:$C$52="Good",Habits!$K$5:$K$52),3),1,0))),0)),"—")} -> Clean room | E13: 3 | F13: {=IFERROR(INDEX(Habits!$B$5:$B$52,MATCH(1,IF(Habits!$C$5:$C$52="Bad",IF(COUNTIF($F$11:F12,Habits!$B$5:$B$52)=0,IF(Habits!$K$5:$K$52>=LARGE(IF(Habits!$C$5:$C$52="Bad",Habits!$K$5:$K$52),3),1,0))),0)),"—")} -> Slept Late
B15: CURRENT BOOK | H15: THIS WEEK'S FOCUS
B16: {=IFERROR("📖 "&INDEX('Life System'!B$5:B$100,MATCH("Reading",'Life System'!D$5:D$100,0)),"No book currently reading")} -> 📖 The Psychology of Money | H16: Complete this Life System Tracker
B20: HOW TO USE THIS SYSTEM
B22: 1. HABITS tab | D22: Log ✔ or ✖ each day for every habit. Column J auto-totals your week.
B24: 2. FINANCES tab | D24: Add each income or expense as a new row. Balance updates automatically.
B26: 3. LIFE SYSTEM tab | D26: Track books, courses, projects, and skills. Add reflections anytime.
B28: 4. WORKOUT tab | D28: Mark ✔ for each completed workout. Choose from 3 rotating plans.
B30: 5. PROGRESS tab | D30: Review your week/month. Fill in the Weekly Summary every Sunday.

Sheet Habits
B2: HABITS TRACKER
B4: HABIT NAME | C4: TYPE | D4: MON | E4: TUE | F4: WED | G4: THU | H4: FRI | I4: SAT | J4: SUN | K4: TOTAL | L4: NOTES
B5: Morning Exercise | C5: Good | D5: ✔ | G5: ✔ | H5: ✔ | I5: ✔ | K5: =IF(C5="Bad",COUNTIF(D5:J5,"✖"),COUNTIF(D5:J5,"✔")) -> 4
B6: Read 30 Minutes | C6: Good | D6: ✔ | E6: ✔ | F6: ✔ | G6: ✔ | H6: ✔ | I6: ✔ | J6: ✔ | K6: =IF(C6="Bad",COUNTIF(D6:J6,"✖"),COUNTIF(D6:J6,"✔")) -> 7
B7: Meditate | C7: Good | K7: =IF(C7="Bad",COUNTIF(D7:J7,"✖"),COUNTIF(D7:J7,"✔")) -> 0
B8: Hydrate | C8: Good | D8: ✔ | E8: ✔ | F8: ✔ | G8: ✔ | H8: ✔ | I8: ✔ | J8: ✔ | K8: =IF(C8="Bad",COUNTIF(D8:J8,"✖"),COUNTIF(D8:J8,"✔")) -> 7 | L8: 8 cups a day
B9: Sleep Before 11PM | C9: Good | D9: ✔ | F9: ✔ | G9: ✔ | H9: ✔ | I9: ✔ | J9: ✔ | K9: =IF(C9="Bad",COUNTIF(D9:J9,"✖"),COUNTIF(D9:J9,"✔")) -> 6
B10: Social Media Scroll | C10: Bad | D10: ✖ | E10: ✖ | K10: =IF(C10="Bad",COUNTIF(D10:J10,"✖"),COUNTIF(D10:J10,"✔")) -> 2 | L10: If my phone screen time goes over 2 hours
B11: Skipped Workout | C11: Bad | H11: ✖ | K11: =IF(C11="Bad",COUNTIF(D11:J11,"✖"),COUNTIF(D11:J11,"✔")) -> 1
B12: Ate Junk Food | C12: Bad | D12: ✖ | K12: =IF(C12="Bad",COUNTIF(D12:J12,"✖"),COUNTIF(D12:J12,"✔")) -> 1
B13: Procrastinated | C13: Bad | D13: ✖ | E13: ✖ | F13: ✖ | K13: =IF(C13="Bad",COUNTIF(D13:J13,"✖"),COUNTIF(D13:J13,"✔")) -> 3
B14: Slept Late | C14: Bad | D14: ✖ | E14: ✖ | K14: =IF(C14="Bad",COUNTIF(D14:J14,"✖"),COUNTIF(D14:J14,"✔")) -> 2
B15: Porn | C15: Bad | D15: ✖ | E15: ✖ | K15: =IF(C15="Bad",COUNTIF(D15:J15,"✖"),COUNTIF(D15:J15,"✔")) -> 2
B16: Clean room | C16: Good | D16: ✔ | E16: ✔ | F16: ✔ | G16: ✔ | H16: ✔ | I16: ✔ | J16: ✔ | K16: =IFERROR(IF(COUNTIF(D16:J16,"✔")=0,"",COUNTIF(D16:J16,"✔")),"—") -> 7
K17: =IFERROR(IF(COUNTIF(D17:J17,"✔")=0,"",COUNTIF(D17:J17,"✔")),"—")
K18: =IFERROR(IF(COUNTIF(D18:J18,"✔")=0,"",COUNTIF(D18:J18,"✔")),"—")
K19: =IFERROR(IF(COUNTIF(D19:J19,"✔")=0,"",COUNTIF(D19:J19,"✔")),"—")
K20: =IFERROR(IF(COUNTIF(D20:J20,"✔")=0,"",COUNTIF(D20:J20,"✔")),"—")
K21: =IFERROR(IF(COUNTIF(D21:J21,"✔")=0,"",COUNTIF(D21:J21,"✔")),"—")
K22: =IFERROR(IF(COUNTIF(D22:J22,"✔")=0,"",COUNTIF(D22:J22,"✔")),"—")
K23: =IFERROR(IF(COUNTIF(D23:J23,"✔")=0,"",COUNTIF(D23:J23,"✔")),"—")
K24: =IFERROR(IF(COUNTIF(D24:J24,"✔")=0,"",COUNTIF(D24:J24,"✔")),"—")
K25: =IFERROR(IF(COUNTIF(D25:J25,"✔")=0,"",COUNTIF(D25:J25,"✔")),"—")
K26: =IFERROR(IF(COUNTIF(D26:J26,"✔")=0,"",COUNTIF(D26:J26,"✔")),"—")
K27: =IFERROR(IF(COUNTIF(D27:J27,"✔")=0,"",COUNTIF(D27:J27,"✔")),"—")
K28: =IFERROR(IF(COUNTIF(D28:J28,"✔")=0,"",COUNTIF(D28:J28,"✔")),"—")
... K52: =IFERROR(IF(COUNTIF(D52:J52,"✔")=0,"",COUNTIF(D52:J52,"✔")),"—")
B53: WEEKLY TOTAL ✔ | K53: =SUMIF(C5:C52,"Good",K5:K52) -> 31
K54: =SUMIF(C5:C52,"Bad",K5:K52) -> 11

Sheet Finances
B2: FINANCES
B4: TOTAL INCOME | C4: =SUMIF(D7:D106,"Income",E7:E106) -> 29000 | D4: TOTAL EXPENSES | E4: =SUMIF(D7:D106,"Expense",E7:E106) -> 10000 | F4: NET BALANCE | G4: =C4-E4 -> 19000
B6: DATE | C6: DESCRIPTION | D6: TYPE | E6: AMOUNT | F6: RUNNING BALANCE | G6: CATEGORY | I6: SPENDING BY CATEGORY
B7: 46113 | C7: Monthly Allowance | D7: Income | E7: 25000 | F7: =IF(D7="Income",E7,-E7) -> 25000 | G7: Groceries | I7: CATEGORY | J7: TOTAL SPENT | K7: % OF EXPENSES
B8: 46114 | C8: Groceries | D8: Expense | E8: 4000 | F8: =IF(D8="Income",F7+E8,IF(D8="Expense",F7-E8,F7)) -> 21000 | G8: Groceries | I8: Groceries | J8: =IFERROR(SUMIF(G7:G107,I8,E7:E107),0) -> 29000 | K8: =IFERROR(J8/SUMIF(D6:D105,"Expense",E6:E105),0) -> 2.9
B9: 46115 | C9: Electric Bill | D9: Expense | E9: 5500 | F9: =IF(D9="Income",F8+E9,IF(D9="Expense",F8-E9,F8)) -> 15500 | G9: Bills & Utilities | I9: Bills & Utilities | J9: =IFERROR(SUMIF(G8:G108,I9,E8:E108),0) -> 5500 | K9: =IFERROR(J9/SUMIF(D7:D106,"Expense",E7:E106),0) -> 0.55
B10: 46117 | C10: Freelance Project | D10: Income | E10: 4000 | F10: =IF(D10="Income",F9+E10,IF(D10="Expense",F9-E10,F9)) -> 19500 | I10: Transport | J10: =IFERROR(SUMIF(G9:G109,I10,E9:E109),0) -> 0 | K10: =IFERROR(J10/SUMIF(D8:D107,"Expense",E8:E107),0) -> 0
B11: Apr 5, 2026 | C11: Coffee & Snacks | D11: Expense | E11: 500 | F11: =IF(D11="Income",F10+E11,IF(D11="Expense",F10-E11,F10)) -> 19000 | G11: Food & Dining | I11: Food & Dining | J11: =IFERROR(SUMIF(G10:G110,I11,E10:E110),0) -> 500 | K11: =IFERROR(J11/SUMIF(D9:D108,"Expense",E9:E108),0) -> 0.083333333
F12: =IF(B12="","",IF(D12="Income",F11+E12,IF(D12="Expense",F11-E12,F11))) | I12: Entertainment | J12: =IFERROR(SUMIF(G11:G111,I12,E11:E111),0) -> 0 | K12: =IFERROR(J12/SUMIF(D10:D109,"Expense",E10:E109),0) -> 0
F13: =IF(B13="","",IF(D13="Income",F12+E13,IF(D13="Expense",F12-E13,F12))) | I13: Health | J13: =IFERROR(SUMIF(G12:G112,I13,E12:E112),0) -> 0 | K13: =IFERROR(J13/SUMIF(D11:D110,"Expense",E11:E110),0) -> 0
F14: =IF(B14="","",IF(D14="Income",F13+E14,IF(D14="Expense",F13-E14,F13))) | I14: Other | J14: =IFERROR(SUMIF(G13:G113,I14,E13:E113),0) -> 0 | K14: =IFERROR(J14/SUMIF(D12:D111,"Expense",E12:E111),0) -> 0
F15: =IF(B15="","",IF(D15="Income",F14+E15,IF(D15="Expense",F14-E15,F14))) | I15: ↑ Type category name (e.g. Groceries) in the CATEGORY column of each expense to auto-tally.
F16: =IF(B16="","",IF(D16="Income",F15+E16,IF(D16="Expense",F15-E16,F15)))
F17: =IF(B17="","",IF(D17="Income",F16+E17,IF(D17="Expense",F16-E17,F16)))
F18: =IF(B18="","",IF(D18="Income",F17+E18,IF(D18="Expense",F17-E18,F17)))
F19: =IF(B19="","",IF(D19="Income",F18+E19,IF(D19="Expense",F18-E19,F18)))
F20: =IF(B20="","",IF(D20="Income",F19+E20,IF(D20="Expense",F19-E20,F19)))
F21: =IF(B21="","",IF(D21="Income",F20+E21,IF(D21="Expense",F20-E21,F20)))
F22: =IF(B22="","",IF(D22="Income",F21+E22,IF(D22="Expense",F21-E22,F21)))
F23: =IF(B23="","",IF(D23="Income",F22+E23,IF(D23="Expense",F22-E23,F22)))
F24: =IF(B24="","",IF(D24="Income",F23+E24,IF(D24="Expense",F23-E24,F23)))
F25: =IF(B25="","",IF(D25="Income",F24+E25,IF(D25="Expense",F24-E25,F24)))
F26: =IF(B26="","",IF(D26="Income",F25+E26,IF(D26="Expense",F25-E26,F25)))
F27: =IF(B27="","",IF(D27="Income",F26+E27,IF(D27="Expense",F26-E27,F26)))
... F106: =IF(B106="","",IF(D106="Income",F105+E106,IF(D106="Expense",F105-E106,F105)))

Sheet Life System
B2: LIFE SYSTEM · Goals · Learning · Projects
B4: 📖 BOOKS
B5: TITLE | C5: AUTHOR | D5: STATUS | E5: RATING | F5: NOTES
B6: Can't Hurt Me: Master Your Mind and Defy the Odds | C6: David Goggins | D6: Done | E6: ⭐⭐⭐⭐⭐ | F6: Game-changing
B7: Deep Work | C7: Cal Newport | D7: Done | E7: ⭐⭐⭐ | F7: It's okay
B8: The Alchemist | C8: Paulo Coelho | D8: Done | E8: ⭐⭐ | F8: Not really my kind of read
B9: Atomic Habits | C9: James Clear | D9: To Read
B10: The Psychology of Money | C10: Morgan Housel | D10: Reading
B25: 🎓 COURSES & SKILLS
B26: COURSE / SKILL | C26: PLATFORM | D26: STATUS ✔ | E26: DEADLINE | F26: NOTES
B27: Python Basics | C27: Udemy | D27: ✔ Done | E27: Done
B28: Google Sheets Mastery | C28: YouTube | D28: In Progress | E28: Apr 30
B29: Canva Design | C29: Skillshare | D29: Not Started | E29: May 15
B46: 🗂 PROJECTS
B47: PROJECT NAME | C47: CATEGORY | D47: STATUS | E47: DUE DATE | F47: NOTES
B48: Life System Template | C48: Productivity | D48: In Progress | E48: 46113
B49: Portfolio Website | C49: Personal Brand | D49: Not Started | E49: 46143
B50: Notion Dashboard | C50: Productivity | D50: Done | E50: 46082
B51: AI Content Creation & Monetization Project (Tiktok) | C51: Personal Brand | D51: Not Started | E51: 46113
B67: 📝 REFLECTIONS & NOTES
B68: DATE | C68: ENTRY / REFLECTION
B69: Apr 1 | C69: Started building the life system. Feeling motivated.
B70: Apr 3 | C70: Habit tracking is working well. 5 ✔ today.
B71: 46117 | C71: Found a problem in the dashboard tabs at life system.

Sheet Workout
B2: WORKOUT TRACKER
B4: 🏋️ PLAN A — STRENGTH | I4: 📅 WEEKLY LOG
B5: EXERCISE | C5: SETS / REPS | D5: MUSCLE GROUP | E5: NOTES | F5: DONE ✔ | G5: ENERGY (1-5) | I5: WEEK | J5: TYPE | K5: MON | L5: TUE | M5: WED | N5: THU | O5: FRI | P5: SAT | Q5: SUN | R5: DONE ✔ | S5: NOTES
B6: Pull-ups | C6: 4 sets x 8 reps | D6: Back (lats), biceps, shoulders | F6: ✔ | G6: 5 | I6: Week 1 | J6: Push | K6: ✔ | R6: =COUNTIF(K6:Q6,"✔") -> 1
B7: Push-ups | C7: 4 sets x 12–15 reps | D7: Chest, shoulders, triceps, core | F7: ✔ | G7: 5 | I7: Week 2 | J7: Pull | R7: =COUNTIF(K7:Q7,"✔") -> 0
B8: Dumbbell lateral raises | C8: 3 sets x 15–20 reps | D8: Side delts (shoulders) | F8: ✔ | G8: 5 | I8: Week 3 | J8: Legs | R8: =COUNTIF(K8:Q8,"✔") -> 0
B9: Pike push-ups | C9: 3 sets x 10–12 reps | D9: Shoulders / triceps | F9: ✔ | G9: 5 | I9: Week 4 | J9: Push | R9: =COUNTIF(K9:Q9,"✔") -> 0
B10: Bodyweight squats | C10: 3 sets x 20 reps | D10: Quads, glutes, hamstrings, core | F10: ✔ | G10: 5 | I10: Week 5 | J10: Pull | R10: =COUNTIF(K10:Q10,"✔") -> 0
B11: Plank Hold | C11: 3 sets x 45 sec | D11: Core | F11: ✔ | G11: 5 | I11: Week 6 | J11: Legs | R11: =COUNTIF(K11:Q11,"✔") -> 0
I12: Week 7 | J12: Rest | R12: =COUNTIF(K12:Q12,"✔") -> 0
B13: 🏃 PLAN B — CARDIO & CORE | I13: Week 8 | J13: Rest | R13: =COUNTIF(K13:Q13,"✔") -> 0
B14: EXERCISE | C14: SETS / REPS | D14: MUSCLE GROUP | E14: NOTES | F14: DONE ✔ | G14: ENERGY (1-5)
B15: Jump rope intervals | C15: 5 rounds, 2 mins | D15: Cardio | F15: ✔ | G15: 5
B16: Mountain climbers | C16: 3 sets x 30 sec | D16: Core | F16: ✔ | G16: 5
B17: Hanging knee raises | C17: 3 sets x 12–15 rep | D17: Core / Cardio | F17: ✔ | G17: 5
B18: Push-ups with shoulder taps | C18: 3 sets x 12 each side | D18: Chest, shoulders, triceps, core | F18: ✔ | G18: 5
B19: Plank Hold | C19: 3 x 20 reps | D19: Core | F19: ✔ | G19: 5
B20: Leg raises | C20: 3 sets x 12–15 reps | D20: Core | F20: ✔ | G20: 5
B22: 🧘 PLAN C — FLEXIBILITY & RECOVERY
B23: EXERCISE | C23: SETS / REPS | D23: MUSCLE GROUP | E23: NOTES | F23: DONE ✔ | G23: ENERGY (1-5)
B24: Bodyweight squats | C24: 15 minutes | D24: Flexibility | F24: ✔ | G24: 5
B25: Push-ups | C25: 20 minutes | D25: Mind + Body | F25: ✔ | G25: 5
B26: Dumbbell lateral raises | C26: 10 minutes | D26: Recovery | F26: ✔ | G26: 5
B27: Pull-ups | C27: 5 minutes | D27: Mindfulness | F27: ✔ | G27: 5
B28: Plank Hold | C28: 20 minutes | D28: Active Recovery | F28: ✔ | G28: 5
B29: Leg raises | C29: 3 sets x 12–15 reps | D29: Core | F29: ✔ | G29: 5

Sheet Progress Tracker
B2: PROGRESS TRACKER · Weekly & Monthly Review
B4: SECTION A — WEEKLY SUMMARY
B5: WEEK (DATE RANGE) | C5: HABIT SCORE ✔ | D5: DAYS ACTIVE | E5: WORKOUTS | F5: SPENDING | G5: NOTES
B6: This Week (Auto) | C6: =COUNTIF(Habits!C5:I52,"✔") -> 27 | D6: {=IFERROR(SUMPRODUCT((MMULT((Habits!C5:I52="✔")*1,{1;1;1;1;1;1;1})>0)*1),"—")} -> 5 | E6: Manual → | F6: =IFERROR(SUMIF(Finances!D7:D106,"Expense",Finances!E7:E106),"—") -> 10000 | G6: Fill in notes each Sunday.
B34: SECTION B — MONTHLY SUMMARY
B35: MONTH | C35: TOTAL HABIT ✔ | D35: AVG WEEKLY ✔ | E35: TOTAL WORKOUTS | F35: INCOME | G35: EXPENSES | H35: NET SAVINGS | I35: NOTES
H36: =IFERROR(F36-G36,"—") -> 0
H37: =IFERROR(F37-G37,"—") -> 0
H38: =IFERROR(F38-G38,"—") -> 0
H39: =IFERROR(F39-G39,"—") -> 0
H40: =IFERROR(F40-G40,"—") -> 0
H41: =IFERROR(F41-G41,"—") -> 0
H42: =IFERROR(F42-G42,"—") -> 0
H43: =IFERROR(F43-G43,"—") -> 0
H44: =IFERROR(F44-G44,"—") -> 0
H45: =IFERROR(F45-G45,"—") -> 0
H46: =IFERROR(F46-G46,"—") -> 0
H47: =IFERROR(F47-G47,"—") -> 0
... H51: =IFERROR(F51-G51,"—") -> 0
